,ticker,xly,xlp,xle,xlf,xlv,xli,xlb,xlre,xlk,xlu
0,A,False,False,False,False,True,False,False,False,False,False
1,AA,False,False,False,False,False,True,False,False,False,False
2,AAL,False,False,False,False,False,True,False,False,False,False
3,AAP,True,False,False,False,False,False,False,False,False,False
4,AAPL,False,False,False,False,False,False,False,False,True,False
5,ABBV,False,False,False,False,True,False,False,False,False,False
6,ABC,False,False,False,False,True,False,False,False,False,False
7,ABMD,False,False,False,False,True,False,False,False,False,False
8,ABT,False,False,False,False,True,False,False,False,False,False
9,ACAD,False,False,False,False,True,False,False,False,False,False
10,ACC,True,False,False,False,False,False,False,False,False,False
11,ACGL,False,False,False,True,False,False,False,False,False,False
12,ACHC,False,False,False,False,True,False,False,False,False,False
13,ACM,True,False,False,False,False,False,False,False,False,False
14,ACN,False,False,False,False,False,False,False,False,True,False
15,ADBE,False,False,False,False,False,False,False,False,True,False
16,ADI,False,False,False,False,False,False,False,False,True,False
17,ADM,False,True,False,False,False,False,False,False,False,False
18,ADNT,False,True,False,False,False,False,False,False,False,False
19,ADP,False,False,False,False,False,False,False,False,True,False
20,ADS,False,False,False,False,False,False,False,False,True,False
21,ADSK,False,False,False,False,False,False,False,False,True,False
22,AEE,False,False,False,False,False,False,False,False,False,True
23,AEP,False,False,False,False,False,False,False,False,False,True
24,AES,False,False,False,False,False,False,False,False,False,True
25,AET,False,False,False,False,True,False,False,False,False,False
26,AFG,False,False,False,True,False,False,False,False,False,False
27,AFL,False,False,False,True,False,False,False,False,False,False
28,AGCO,False,True,False,False,False,False,False,False,False,False
29,AGIO,False,False,False,False,True,False,False,False,False,False
30,AGN,False,False,False,False,True,False,False,False,False,False
31,AGNC,True,False,False,False,False,False,False,False,False,False
32,AGO,False,False,False,True,False,False,False,False,False,False
33,AGR,False,False,False,False,False,False,False,False,False,True
34,AHL,False,False,False,True,False,False,False,False,False,False
35,AIG,False,False,False,True,False,False,False,False,False,False
36,AIV,False,False,False,False,False,False,False,True,False,False
37,AIZ,False,False,False,True,False,False,False,False,False,False
38,AJG,False,False,False,True,False,False,False,False,False,False
39,AKAM,False,False,False,False,False,False,False,False,True,False
40,AKRX,False,False,False,False,True,False,False,False,False,False
41,AL,False,False,False,False,False,False,False,False,True,False
42,ALB,False,False,False,False,False,False,True,False,False,False
43,ALGN,False,False,False,False,True,False,False,False,False,False
44,ALK,False,False,False,False,False,True,False,False,False,False
45,ALKS,False,False,False,False,True,False,False,False,False,False
46,ALL,False,False,False,True,False,False,False,False,False,False
47,ALLE,False,False,False,False,False,True,False,False,False,False
48,ALLY,False,False,False,True,False,False,False,False,False,False
49,ALNY,False,False,False,False,True,False,False,False,False,False
50,ALSN,False,True,False,False,False,False,False,False,False,False
51,ALXN,False,False,False,False,True,False,False,False,False,False
52,AMAT,False,False,False,False,False,False,False,False,True,False
53,AMCX,True,False,False,False,False,False,False,False,False,False
54,AMD,False,False,False,False,False,False,False,False,True,False
55,AME,False,False,False,False,False,True,False,False,False,False
56,AMG,False,False,False,True,False,False,False,False,False,False
57,AMGN,False,False,False,False,True,False,False,False,False,False
58,AMH,True,False,False,False,False,False,False,False,False,False
59,AMP,False,False,False,True,False,False,False,False,False,False
60,AMT,False,False,False,False,False,False,False,True,False,False
61,AMTD,False,False,False,True,False,False,False,False,False,False
62,AMZN,True,False,False,False,False,False,False,False,False,False
63,AN,True,False,False,False,False,False,False,False,False,False
64,ANAT,False,False,False,True,False,False,False,False,False,False
65,ANDV,False,False,True,False,False,False,False,False,False,False
66,ANET,False,False,False,False,False,False,False,False,True,False
67,ANSS,False,False,False,False,False,False,False,False,True,False
68,ANTM,False,False,False,False,True,False,False,False,False,False
69,AON,False,False,False,True,False,False,False,False,False,False
70,AOS,False,False,False,False,False,True,False,False,False,False
71,APA,False,False,True,False,False,False,False,False,False,False
72,APC,False,False,True,False,False,False,False,False,False,False
73,APD,False,False,False,False,False,False,True,False,False,False
74,APH,False,False,False,False,False,False,False,False,True,False
75,APLE,True,False,False,False,False,False,False,False,False,False
76,AR,False,False,True,False,False,False,False,False,False,False
77,ARE,False,False,False,False,False,False,False,True,False,False
78,ARMK,True,False,False,False,False,False,False,False,False,False
79,ARNC,False,False,False,False,False,True,False,False,False,False
80,ARRS,False,False,False,False,False,False,False,False,True,False
81,ARW,False,True,False,False,False,False,False,False,False,False
82,ASB,False,False,False,True,False,False,False,False,False,False
83,ASH,True,False,False,False,False,False,False,False,False,False
84,ATH,False,False,False,True,False,False,False,False,False,False
85,ATHN,True,False,False,False,False,False,False,False,False,False
86,ATO,False,False,False,False,False,False,False,False,False,True
87,ATR,False,True,False,False,False,False,False,False,False,False
88,ATVI,False,False,False,False,False,False,False,False,True,False
89,AVB,False,False,False,False,False,False,False,True,False,False
90,AVGO,False,False,False,False,False,False,False,False,True,False
91,AVT,False,True,False,False,False,False,False,False,False,False
92,AVY,False,False,False,False,False,False,True,False,False,False
93,AWI,False,True,False,False,False,False,False,False,False,False
94,AWK,False,False,False,False,False,False,False,False,False,True
95,AXP,False,False,False,True,False,False,False,False,False,False
96,AXS,False,False,False,True,False,False,False,False,False,False
97,AXTA,False,False,False,False,False,True,False,False,False,False
98,AYI,False,False,False,False,False,True,False,False,False,False
99,AZO,True,False,False,False,False,False,False,False,False,False
100,BA,False,False,False,False,False,True,False,False,False,False
101,BAC,False,False,False,True,False,False,False,False,False,False
102,BAH,True,False,False,False,False,False,False,False,False,False
103,BAX,False,False,False,False,True,False,False,False,False,False
104,BBBY,True,False,False,False,False,False,False,False,False,False
105,BBT,False,False,False,True,False,False,False,False,False,False
106,BBY,True,False,False,False,False,False,False,False,False,False
107,BC,False,False,True,False,False,False,False,False,False,False
108,BCR,False,False,False,False,True,False,False,False,False,False
109,BDN,True,False,False,False,False,False,False,False,False,False
110,BDX,False,False,False,False,True,False,False,False,False,False
111,BEN,False,False,False,True,False,False,False,False,False,False
112,BERY,False,True,False,False,False,False,False,False,False,False
113,BF.A,False,True,False,False,False,False,False,False,False,False
114,BF.B,False,True,False,False,False,False,False,False,False,False
115,BFAM,True,False,False,False,False,False,False,False,False,False
116,BG,False,True,False,False,False,False,False,False,False,False
117,BGCP,False,False,False,True,False,False,False,False,False,False
118,BHF,False,False,False,True,False,False,False,False,False,False
119,BHGE,False,False,True,False,False,False,False,False,False,False
120,BIIB,False,False,False,False,True,False,False,False,False,False
121,BIO,False,True,False,False,False,False,False,False,False,False
122,BIVV,False,False,False,False,True,False,False,False,False,False
123,BK,False,False,False,True,False,False,False,False,False,False
124,BKD,False,False,False,False,True,False,False,False,False,False
125,BKI,False,False,False,False,False,False,False,False,True,False
126,BKU,False,False,False,True,False,False,False,False,False,False
127,BLK,False,False,False,True,False,False,False,False,False,False
128,BLL,False,False,False,False,False,False,True,False,False,False
129,BMRN,False,False,False,False,True,False,False,False,False,False
130,BMS,True,False,False,False,False,False,False,False,False,False
131,BMY,False,False,False,False,True,False,False,False,False,False
132,BOH,False,False,False,True,False,False,False,False,False,False
133,BOKF,False,False,False,True,False,False,False,False,False,False
134,BPOP,False,False,False,True,False,False,False,False,False,False
135,BR,True,False,False,False,False,False,False,False,False,False
136,BRCD,False,False,False,False,False,False,False,False,True,False
137,BRK.B,True,False,False,False,False,False,False,False,False,False
138,BRKR,False,True,False,False,False,False,False,False,False,False
139,BRO,False,False,False,True,False,False,False,False,False,False
140,BRX,True,False,False,False,False,False,False,False,False,False
141,BSX,False,False,False,False,True,False,False,False,False,False
142,BUFF,False,True,False,False,False,False,False,False,False,False
143,BURL,True,False,False,False,False,False,False,False,False,False
144,BWA,True,False,False,False,False,False,False,False,False,False
145,BWXT,False,False,True,False,False,False,False,False,False,False
146,BXP,False,False,False,False,False,False,False,True,False,False
147,C,False,False,False,True,False,False,False,False,False,False
148,CA,False,False,False,False,False,False,False,False,True,False
149,CAA,False,True,False,False,False,False,False,False,False,False
150,CABO,True,False,False,False,False,False,False,False,False,False
151,CACC,False,False,False,True,False,False,False,False,False,False
152,CAG,False,True,False,False,False,False,False,False,False,False
153,CAH,False,False,False,False,True,False,False,False,False,False
154,CASY,True,False,False,False,False,False,False,False,False,False
155,CAT,False,False,False,False,False,True,False,False,False,False
156,CAVM,False,False,False,False,False,False,False,False,True,False
157,CB,False,False,False,True,False,False,False,False,False,False
158,CBG,False,False,False,False,False,False,False,True,False,False
159,CBOE,False,False,False,True,False,False,False,False,False,False
160,CBS,True,False,False,False,False,False,False,False,False,False
161,CBSH,False,False,False,True,False,False,False,False,False,False
162,CBT,False,False,False,False,False,True,False,False,False,False
163,CC,False,False,False,False,False,True,False,False,False,False
164,CCI,False,False,False,False,False,False,False,True,False,False
165,CCK,True,False,False,False,False,False,False,False,False,False
166,CCL,True,False,False,False,False,False,False,False,False,False
167,CDEV,False,False,True,False,False,False,False,False,False,False
168,CDK,True,False,False,False,False,False,False,False,False,False
169,CDNS,False,False,False,False,False,False,False,False,True,False
170,CDW,True,False,False,False,False,False,False,False,False,False
171,CE,False,False,False,False,False,True,False,False,False,False
172,CELG,False,False,False,False,True,False,False,False,False,False
173,CERN,False,False,False,False,True,False,False,False,False,False
174,CF,False,False,False,False,False,False,True,False,False,False
175,CFG,False,False,False,True,False,False,False,False,False,False
176,CFR,False,False,False,True,False,False,False,False,False,False
177,CFX,False,True,False,False,False,False,False,False,False,False
178,CGNX,False,True,False,False,False,False,False,False,False,False
179,CHD,False,False,False,False,False,True,False,False,False,False
180,CHH,True,False,False,False,False,False,False,False,False,False
181,CHK,False,False,True,False,False,False,False,False,False,False
182,CHRW,False,False,False,False,False,True,False,False,False,False
183,CHTR,True,False,False,False,False,False,False,False,False,False
184,CI,False,False,False,False,True,False,False,False,False,False
185,CIM,True,False,False,False,False,False,False,False,False,False
186,CINF,False,False,False,True,False,False,False,False,False,False
187,CIT,False,False,False,True,False,False,False,False,False,False
188,CL,False,True,False,False,False,False,False,False,False,False
189,CLGX,False,False,False,False,False,False,False,False,True,False
190,CLH,False,False,False,False,False,True,False,False,False,False
191,CLNS,True,False,False,False,False,False,False,False,False,False
192,CLR,False,False,True,False,False,False,False,False,False,False
193,CLX,True,False,False,False,False,False,False,False,False,False
194,CMA,False,False,False,True,False,False,False,False,False,False
195,CMCSA,True,False,False,False,False,False,False,False,False,False
196,CME,False,False,False,True,False,False,False,False,False,False
197,CMG,True,False,False,False,False,False,False,False,False,False
198,CMI,False,False,True,False,False,False,False,False,False,False
199,CMS,False,False,False,False,False,False,False,False,False,True
200,CNA,False,False,False,True,False,False,False,False,False,False
201,CNC,False,False,False,False,True,False,False,False,False,False
202,CNDT,True,False,False,False,False,False,False,False,False,False
203,CNK,True,False,False,False,False,False,False,False,False,False
204,CNP,False,False,False,False,False,False,False,False,False,True
205,CNX,False,False,True,False,False,False,False,False,False,False
206,COF,False,False,False,True,False,False,False,False,False,False
207,COG,False,False,True,False,False,False,False,False,False,False
208,COH,True,False,False,False,False,False,False,False,False,False
209,COHR,False,True,False,False,False,False,False,False,False,False
210,COL,False,False,False,False,False,True,False,False,False,False
211,COMM,False,False,False,False,False,False,False,False,True,False
212,CONE,True,False,False,False,False,False,False,False,False,False
213,COO,False,False,False,False,True,False,False,False,False,False
214,COP,False,False,True,False,False,False,False,False,False,False
215,COR,True,False,False,False,False,False,False,False,False,False
216,COST,True,False,False,False,False,False,False,False,False,False
217,COTY,False,True,False,False,False,False,False,False,False,False
218,CPA,False,False,False,False,False,True,False,False,False,False
219,CPB,False,True,False,False,False,False,False,False,False,False
220,CPN,False,False,False,False,False,False,False,False,False,True
221,CPRT,True,False,False,False,False,False,False,False,False,False
222,CPT,True,False,False,False,False,False,False,False,False,False
223,CR,False,True,False,False,False,False,False,False,False,False
224,CRI,False,True,False,False,False,False,False,False,False,False
225,CRL,False,False,False,False,True,False,False,False,False,False
226,CRM,False,False,False,False,False,False,False,False,True,False
227,CSCO,False,False,False,False,False,False,False,False,True,False
228,CSGP,True,False,False,False,False,False,False,False,False,False
229,CSL,False,False,False,False,False,True,False,False,False,False
230,CSRA,False,False,False,False,False,False,False,False,True,False
231,CSX,False,False,False,False,False,True,False,False,False,False
232,CTAS,False,False,False,False,False,True,False,False,False,False
233,CTL,False,False,False,False,False,False,False,False,True,False
234,CTSH,False,False,False,False,False,False,False,False,True,False
235,CTXS,False,False,False,False,False,False,False,False,True,False
236,CUBE,True,False,False,False,False,False,False,False,False,False
237,CVS,False,False,False,False,True,False,False,False,False,False
238,CVX,False,False,True,False,False,False,False,False,False,False
239,CXO,False,False,True,False,False,False,False,False,False,False
240,CXP,True,False,False,False,False,False,False,False,False,False
241,CXW,True,False,False,False,False,False,False,False,False,False
242,CY,False,False,False,False,False,False,False,False,True,False
243,D,False,False,False,False,False,False,False,False,False,True
244,DAL,False,False,False,False,False,True,False,False,False,False
245,DATA,False,False,False,False,False,False,False,False,True,False
246,DCI,False,True,False,False,False,False,False,False,False,False
247,DCT,True,False,False,False,False,False,False,False,False,False
248,DDR,True,False,False,False,False,False,False,False,False,False
249,DE,False,False,False,False,False,True,False,False,False,False
250,DEI,True,False,False,False,False,False,False,False,False,False
251,DFS,False,False,False,True,False,False,False,False,False,False
252,DG,True,False,False,False,False,False,False,False,False,False
253,DGX,False,False,False,False,True,False,False,False,False,False
254,DHI,True,False,False,False,False,False,False,False,False,False
255,DHR,False,False,False,False,True,False,False,False,False,False
256,DIS,True,False,False,False,False,False,False,False,False,False
257,DISCA,True,False,False,False,False,False,False,False,False,False
258,DISCK,True,False,False,False,False,False,False,False,False,False
259,DISH,True,False,False,False,False,False,False,False,False,False
260,DKS,True,False,False,False,False,False,False,False,False,False
261,DLB,True,False,False,False,False,False,False,False,False,False
262,DLPH,True,False,False,False,False,False,False,False,False,False
263,DLR,False,False,False,False,False,False,False,True,False,False
264,DLTR,True,False,False,False,False,False,False,False,False,False
265,DNB,False,False,False,True,False,False,False,False,False,False
266,DNKN,True,False,False,False,False,False,False,False,False,False
267,DOV,False,False,False,False,False,False,False,False,True,False
268,DOX,False,False,False,False,False,False,False,False,True,False
269,DPS,False,True,False,False,False,False,False,False,False,False
270,DPZ,False,True,False,False,False,False,False,False,False,False
271,DRE,False,False,False,False,False,False,False,True,False,False
272,DRI,True,False,False,False,False,False,False,False,False,False
273,DST,False,False,False,False,False,False,False,False,True,False
274,DTE,False,False,False,False,False,False,False,False,False,True
275,DUK,False,False,False,False,False,False,False,False,False,True
276,DVA,False,False,False,False,True,False,False,False,False,False
277,DVMT,False,False,False,False,False,False,False,False,True,False
278,DVN,False,False,True,False,False,False,False,False,False,False
279,DWDP,False,False,False,False,False,False,True,False,False,False
280,DXC,False,False,False,False,False,False,False,False,True,False
281,DXCM,False,False,False,False,True,False,False,False,False,False
282,EA,False,False,False,False,False,False,False,False,True,False
283,EBAY,False,False,False,False,False,False,False,False,True,False
284,ECL,False,False,False,False,False,False,True,False,False,False
285,ED,False,False,False,False,False,False,False,False,False,True
286,EEFT,False,False,False,True,False,False,False,False,False,False
287,EFX,False,False,False,True,False,False,False,False,False,False
288,EGN,False,False,True,False,False,False,False,False,False,False
289,EIX,False,False,False,False,False,False,False,False,False,True
290,EL,False,True,False,False,False,False,False,False,False,False
291,ELS,True,False,False,False,False,False,False,False,False,False
292,EMN,False,False,False,False,False,False,True,False,False,False
293,EMR,False,False,True,False,False,False,False,False,False,False
294,ENDP,False,False,False,False,True,False,False,False,False,False
295,ENR,True,False,False,False,False,False,False,False,False,False
296,EOG,False,False,True,False,False,False,False,False,False,False
297,EPC,False,True,False,False,False,False,False,False,False,False
298,EPR,True,False,False,False,False,False,False,False,False,False
299,EQC,True,False,False,False,False,False,False,False,False,False
300,EQIX,False,False,False,False,False,False,False,True,False,False
301,EQR,False,False,False,False,False,False,False,True,False,False
302,EQT,False,False,True,False,False,False,False,False,False,False
303,ERIE,False,False,False,True,False,False,False,False,False,False
304,ES,False,False,False,False,False,False,False,False,False,True
305,ESRT,True,False,False,False,False,False,False,False,False,False
306,ESRX,False,False,False,False,True,False,False,False,False,False
307,ESS,False,False,False,False,False,False,False,True,False,False
308,ETFC,False,False,False,True,False,False,False,False,False,False
309,ETN,False,False,False,False,False,False,False,False,True,False
310,ETR,False,False,False,False,False,False,False,False,False,True
311,EV,False,False,False,True,False,False,False,False,False,False
312,EVHC,False,False,False,False,True,False,False,False,False,False
313,EW,False,False,False,False,True,False,False,False,False,False
314,EWBC,False,False,False,True,False,False,False,False,False,False
315,EXC,False,False,False,False,False,False,False,False,False,True
316,EXEL,False,False,False,False,True,False,False,False,False,False
317,EXP,False,True,False,False,False,False,False,False,False,False
318,EXPD,False,False,False,False,False,True,False,False,False,False
319,EXPE,True,False,False,False,False,False,False,False,False,False
320,EXR,False,False,False,False,False,False,False,True,False,False
321,F,True,False,False,False,False,False,False,False,False,False
322,FAF,False,False,False,True,False,False,False,False,False,False
323,FANG,False,False,True,False,False,False,False,False,False,False
324,FAST,False,False,False,False,False,True,False,False,False,False
325,FB,False,False,False,False,False,False,False,False,True,False
326,FBHS,False,False,False,False,False,True,False,False,False,False
327,FCE.A,False,False,False,False,False,False,False,True,False,False
328,FCX,False,False,False,False,False,False,True,False,False,False
329,FDC,True,False,False,False,False,False,False,False,False,False
330,FDS,False,False,False,False,False,False,False,False,True,False
331,FDX,False,False,False,False,False,True,False,False,False,False
332,FE,False,False,False,False,False,False,False,False,False,True
333,FEYE,False,False,False,False,False,False,False,False,True,False
334,FFIV,False,False,False,False,False,False,False,False,True,False
335,FHB,False,False,False,True,False,False,False,False,False,False
336,FHN,False,False,False,True,False,False,False,False,False,False
337,FII,False,False,False,True,False,False,False,False,False,False
338,FIS,False,False,False,False,False,False,False,False,True,False
339,FISV,False,False,False,False,False,False,False,False,True,False
340,FITB,False,False,False,True,False,False,False,False,False,False
341,FL,True,False,False,False,False,False,False,False,False,False
342,FLIR,False,False,False,False,False,False,False,False,True,False
343,FLO,False,True,False,False,False,False,False,False,False,False
344,FLR,False,False,False,False,False,True,False,False,False,False
345,FLS,False,False,False,False,False,True,False,False,False,False
346,FLT,True,False,False,False,False,False,False,False,False,False
347,FMC,False,False,False,False,False,False,True,False,False,False
348,FNB,False,False,False,True,False,False,False,False,False,False
349,FND,True,False,False,False,False,False,False,False,False,False
350,FNF,False,False,False,True,False,False,False,False,False,False
351,FOX,True,False,False,False,False,False,False,False,False,False
352,FOXA,True,False,False,False,False,False,False,False,False,False
353,FRC,False,False,False,True,False,False,False,False,False,False
354,FRT,False,False,False,False,False,False,False,True,False,False
355,FSLR,False,False,False,False,False,False,False,False,True,False
356,FTNT,False,False,False,False,False,False,False,False,True,False
357,FTV,False,False,False,False,False,True,False,False,False,False
358,FWONA,True,False,False,False,False,False,False,False,False,False
359,FWONK,True,False,False,False,False,False,False,False,False,False
360,G,True,False,False,False,False,False,False,False,False,False
361,GD,False,False,False,False,False,True,False,False,False,False
362,GDDY,False,False,False,False,False,False,False,False,True,False
363,GDI,False,False,False,False,False,False,False,False,True,False
364,GE,False,False,True,False,False,False,False,False,False,False
365,GGG,False,True,False,False,False,False,False,False,False,False
366,GGP,False,False,False,False,False,False,False,True,False,False
367,GHC,True,False,False,False,False,False,False,False,False,False
368,GILD,False,False,False,False,True,False,False,False,False,False
369,GIS,False,True,False,False,False,False,False,False,False,False
370,GLPI,True,False,False,False,False,False,False,False,False,False
371,GLW,False,False,False,False,False,False,False,False,True,False
372,GM,True,False,False,False,False,False,False,False,False,False
373,GME,True,False,False,False,False,False,False,False,False,False
374,GNTX,False,True,False,False,False,False,False,False,False,False
375,GOOG,False,False,False,False,False,False,False,False,True,False
376,GOOGL,False,False,False,False,False,False,False,False,True,False
377,GPC,True,False,False,False,False,False,False,False,False,False
378,GPK,True,False,False,False,False,False,False,False,False,False
379,GPN,False,False,False,False,False,False,False,False,True,False
380,GPOR,False,False,True,False,False,False,False,False,False,False
381,GPS,True,False,False,False,False,False,False,False,False,False
382,GRA,False,False,False,False,False,True,False,False,False,False
383,GRMN,True,False,False,False,False,False,False,False,False,False
384,GS,False,False,False,True,False,False,False,False,False,False
385,GT,True,False,False,False,False,False,False,False,False,False
386,GWR,False,False,False,False,False,True,False,False,False,False
387,GWRE,False,False,False,False,False,False,False,False,True,False
388,GWW,False,False,False,False,False,True,False,False,False,False
389,GXP,False,False,False,False,False,False,False,False,False,True
390,H,True,False,False,False,False,False,False,False,False,False
391,HAIN,False,True,False,False,False,False,False,False,False,False
392,HAL,False,False,True,False,False,False,False,False,False,False
393,HAS,True,False,False,False,False,False,False,False,False,False
394,HBAN,False,False,False,True,False,False,False,False,False,False
395,HBI,True,False,False,False,False,False,False,False,False,False
396,HCA,False,False,False,False,True,False,False,False,False,False
397,HCN,False,False,False,False,False,False,False,True,False,False
398,HCP,False,False,False,False,False,False,False,True,False,False
399,HD,True,False,False,False,False,False,False,False,False,False
400,HDS,True,False,False,False,False,False,False,False,False,False
401,HE,False,False,False,False,False,False,False,False,False,True
402,HEI,False,True,False,False,False,False,False,False,False,False
403,HEI.A,False,False,False,False,False,False,True,False,False,False
404,HES,False,False,True,False,False,False,False,False,False,False
405,HFC,False,False,True,False,False,False,False,False,False,False
406,HGV,True,False,False,False,False,False,False,False,False,False
407,HHC,True,False,False,False,False,False,False,False,False,False
408,HIG,False,False,False,True,False,False,False,False,False,False
409,HII,False,True,False,False,False,False,False,False,False,False
410,HIW,True,False,False,False,False,False,False,False,False,False
411,HLF,False,False,False,False,True,False,False,False,False,False
412,HLT,True,False,False,False,False,False,False,False,False,False
413,HOG,True,False,False,False,False,False,False,False,False,False
414,HOLX,False,False,False,False,True,False,False,False,False,False
415,HON,False,False,False,False,False,True,False,False,False,False
416,HP,False,False,True,False,False,False,False,False,False,False
417,HPE,False,False,False,False,False,False,False,False,True,False
418,HPP,False,False,False,True,False,False,False,False,False,False
419,HPQ,False,False,False,False,False,False,False,False,True,False
420,HPT,True,False,False,False,False,False,False,False,False,False
421,HRB,True,False,False,False,False,False,False,False,False,False
422,HRC,False,False,False,False,True,False,False,False,False,False
423,HRL,False,True,False,False,False,False,False,False,False,False
424,HRS,False,False,False,False,False,False,False,False,True,False
425,HSIC,False,False,False,False,True,False,False,False,False,False
426,HST,False,False,False,False,False,False,False,True,False,False
427,HSY,False,True,False,False,False,False,False,False,False,False
428,HTA,True,False,False,False,False,False,False,False,False,False
429,HUBB,False,True,False,False,False,False,False,False,False,False
430,HUM,False,False,False,False,True,False,False,False,False,False
431,HUN,False,False,False,False,False,True,False,False,False,False
432,HXL,False,False,False,False,False,True,False,False,False,False
433,IAC,True,False,False,False,False,False,False,False,False,False
434,IBKR,False,False,False,True,False,False,False,False,False,False
435,IBM,False,False,False,False,False,False,False,False,True,False
436,ICE,False,False,False,True,False,False,False,False,False,False
437,ICPT,False,False,False,False,True,False,False,False,False,False
438,IDXX,False,False,False,False,True,False,False,False,False,False
439,IEX,False,True,False,False,False,False,False,False,False,False
440,IFF,False,False,False,False,False,False,True,False,False,False
441,IGT,True,False,False,False,False,False,False,False,False,False
442,ILMN,False,False,False,False,True,False,False,False,False,False
443,INCY,False,False,False,False,True,False,False,False,False,False
444,INFO,False,False,False,False,False,False,False,False,True,False
445,INGR,False,True,False,False,False,False,False,False,False,False
446,INT,False,False,True,False,False,False,False,False,False,False
447,INTC,False,False,False,False,False,False,False,False,True,False
448,INTU,False,False,False,False,False,False,False,False,True,False
449,INVH,False,False,False,True,False,False,False,False,False,False
450,IONS,False,False,False,False,True,False,False,False,False,False
451,IP,False,False,False,False,False,False,True,False,False,False
452,IPG,False,False,False,False,False,False,False,False,True,False
453,IPGP,False,False,False,False,False,False,False,False,True,False
454,IR,False,False,False,False,False,True,False,False,False,False
455,IRM,False,False,False,False,False,False,False,True,False,False
456,ISRG,False,False,False,False,True,False,False,False,False,False
457,IT,False,False,False,False,False,False,False,False,True,False
458,ITT,False,True,False,False,False,False,False,False,False,False
459,ITW,False,False,False,False,False,False,False,False,True,False
460,IVZ,False,False,False,True,False,False,False,False,False,False
461,JBGS,True,False,False,False,False,False,False,False,False,False
462,JBHT,False,False,False,False,False,True,False,False,False,False
463,JBL,False,False,False,False,False,False,False,False,True,False
464,JBLU,False,False,False,False,False,True,False,False,False,False
465,JCI,False,False,False,False,False,True,False,False,False,False
466,JEC,False,False,False,False,False,True,False,False,False,False
467,JKHY,False,False,False,False,False,False,False,False,True,False
468,JLL,False,False,False,True,False,False,False,False,False,False
469,JNJ,False,False,False,False,True,False,False,False,False,False
470,JNPR,False,False,False,False,False,False,False,False,True,False
471,JPM,False,False,False,True,False,False,False,False,False,False
472,JUNO,False,False,False,False,True,False,False,False,False,False
473,JW.A,False,True,False,False,False,False,False,False,False,False
474,JWN,True,False,False,False,False,False,False,False,False,False
475,K,False,True,False,False,False,False,False,False,False,False
476,KAR,True,False,False,False,False,False,False,False,False,False
477,KEX,True,False,False,False,False,False,False,False,False,False
478,KEY,False,False,False,True,False,False,False,False,False,False
479,KEYS,False,True,False,False,False,False,False,False,False,False
480,KHC,False,True,False,False,False,False,False,False,False,False
481,KIM,False,False,False,False,False,False,False,True,False,False
482,KLAC,False,False,False,False,False,False,False,False,True,False
483,KMB,True,False,False,False,False,False,False,False,False,False
484,KMI,False,False,True,False,False,False,False,False,False,False
485,KMX,True,False,False,False,False,False,False,False,False,False
486,KO,False,True,False,False,False,False,False,False,False,False
487,KORS,True,False,False,False,False,False,False,False,False,False
488,KOS,False,False,True,False,False,False,False,False,False,False
489,KR,True,False,False,False,False,False,False,False,False,False
490,KRC,True,False,False,False,False,False,False,False,False,False
491,KSS,True,False,False,False,False,False,False,False,False,False
492,KSU,False,False,False,False,False,True,False,False,False,False
493,L,False,False,False,True,False,False,False,False,False,False
494,LAMR,True,False,False,False,False,False,False,False,False,False
495,LAZ,False,False,False,True,False,False,False,False,False,False
496,LB,True,False,False,False,False,False,False,False,False,False
497,LBRDA,True,False,False,False,False,False,False,False,False,False
498,LBRDK,True,False,False,False,False,False,False,False,False,False
499,LDOS,False,False,False,False,False,False,False,False,True,False
500,LEA,False,True,False,False,False,False,False,False,False,False
501,LECO,False,False,False,False,False,False,False,False,True,False
502,LEG,True,False,False,False,False,False,False,False,False,False
503,LEN,False,False,False,False,False,True,False,False,False,False
504,LEN.B,False,False,False,False,False,True,False,False,False,False
505,LEXEA,True,False,False,False,False,False,False,False,False,False
506,LGF.A,True,False,False,False,False,False,False,False,False,False
507,LGF.B,True,False,False,False,False,False,False,False,False,False
508,LH,False,False,False,False,True,False,False,False,False,False
509,LII,False,True,False,False,False,False,False,False,False,False
510,LKQ,True,False,False,False,False,False,False,False,False,False
511,LLL,False,False,False,False,False,False,False,False,True,False
512,LLY,False,False,False,False,True,False,False,False,False,False
513,LM,False,False,False,True,False,False,False,False,False,False
514,LMT,False,False,False,False,False,True,False,False,False,False
515,LNC,False,False,False,True,False,False,False,False,False,False
516,LNG,False,False,False,False,False,False,False,False,False,True
517,LNT,False,False,False,False,False,False,False,False,False,True
518,LOGM,False,False,False,False,False,False,False,False,True,False
519,LOW,True,False,False,False,False,False,False,False,False,False
520,LPI,False,False,True,False,False,False,False,False,False,False
521,LPLA,False,False,False,True,False,False,False,False,False,False
522,LPNT,False,False,False,False,True,False,False,False,False,False
523,LPT,True,False,False,False,False,False,False,False,False,False
524,LRCX,False,False,False,False,False,False,False,False,True,False
525,LSI,True,False,False,False,False,False,False,False,False,False
526,LSTR,False,False,False,False,False,True,False,False,False,False
527,LSXMA,True,False,False,False,False,False,False,False,False,False
528,LSXMK,True,False,False,False,False,False,False,False,False,False
529,LUK,False,False,False,True,False,False,False,False,False,False
530,LULU,False,True,False,False,False,False,False,False,False,False
531,LUV,False,False,False,False,False,True,False,False,False,False
532,LVNTA,True,False,False,False,False,False,False,False,False,False
533,LVS,True,False,False,False,False,False,False,False,False,False
534,LW,False,True,False,False,False,False,False,False,False,False
535,LYB,False,False,False,False,False,False,True,False,False,False
536,LYV,True,False,False,False,False,False,False,False,False,False
537,M,True,False,False,False,False,False,False,False,False,False
538,MA,False,False,False,False,False,False,False,False,True,False
539,MAA,False,False,False,False,False,False,False,True,False,False
540,MAC,False,False,False,False,False,False,False,True,False,False
541,MAN,False,False,False,False,False,False,False,False,True,False
542,MANH,False,False,False,False,False,False,False,False,True,False
543,MAR,True,False,False,False,False,False,False,False,False,False
544,MAS,False,False,False,False,False,True,False,False,False,False
545,MAT,True,False,False,False,False,False,False,False,False,False
546,MCD,True,False,False,False,False,False,False,False,False,False
547,MCHP,False,False,False,False,False,False,False,False,True,False
548,MCK,False,False,False,False,True,False,False,False,False,False
549,MCO,False,False,False,True,False,False,False,False,False,False
550,MCY,False,False,False,True,False,False,False,False,False,False
551,MD,False,False,False,False,True,False,False,False,False,False
552,MDLZ,False,True,False,False,False,False,False,False,False,False
553,MDT,False,False,False,False,True,False,False,False,False,False
554,MDU,False,False,False,False,False,True,False,False,False,False
555,MET,False,False,False,True,False,False,False,False,False,False
556,MFA,True,False,False,False,False,False,False,False,False,False
557,MGM,True,False,False,False,False,False,False,False,False,False
558,MHK,True,False,False,False,False,False,False,False,False,False
559,MIC,False,False,True,False,False,False,False,False,False,False
560,MIDD,False,False,False,False,False,False,False,False,True,False
561,MIK,True,False,False,False,False,False,False,False,False,False
562,MKC,False,True,False,False,False,False,False,False,False,False
563,MKL,False,False,False,True,False,False,False,False,False,False
564,MKTX,False,False,False,True,False,False,False,False,False,False
565,MLM,False,False,False,False,False,False,True,False,False,False
566,MMC,False,False,False,True,False,False,False,False,False,False
567,MMM,False,False,False,False,True,False,False,False,False,False
568,MNK,False,False,False,False,True,False,False,False,False,False
569,MNST,False,True,False,False,False,False,False,False,False,False
570,MO,False,True,False,False,False,False,False,False,False,False
571,MON,False,False,False,False,False,False,True,False,False,False
572,MORN,False,False,False,True,False,False,False,False,False,False
573,MOS,False,False,False,False,False,False,True,False,False,False
574,MPC,False,False,True,False,False,False,False,False,False,False
575,MPW,True,False,False,False,False,False,False,False,False,False
576,MRK,False,False,False,False,True,False,False,False,False,False
577,MRO,False,False,True,False,False,False,False,False,False,False
578,MRVL,False,False,False,False,False,False,False,False,True,False
579,MS,False,False,False,True,False,False,False,False,False,False
580,MSCC,False,False,False,False,False,False,False,False,True,False
581,MSCI,True,False,False,False,False,False,False,False,False,False
582,MSFT,False,False,False,False,False,False,False,False,True,False
583,MSG,True,False,False,False,False,False,False,False,False,False
584,MSI,False,False,False,False,False,False,False,False,True,False
585,MSM,False,True,False,False,False,False,False,False,False,False
586,MTB,False,False,False,True,False,False,False,False,False,False
587,MTCH,False,False,False,False,False,False,False,False,True,False
588,MTD,False,False,False,False,True,False,False,False,False,False
589,MTN,True,False,False,False,False,False,False,False,False,False
590,MU,False,False,False,False,False,False,False,False,True,False
591,MUR,False,False,True,False,False,False,False,False,False,False
592,MUSA,True,False,False,False,False,False,False,False,False,False
593,MXIM,False,False,False,False,False,False,False,False,True,False
594,MYL,False,False,False,False,True,False,False,False,False,False
595,NATI,False,False,False,False,False,False,False,False,True,False
596,NAVI,False,False,False,True,False,False,False,False,False,False
597,NBIX,False,False,False,False,True,False,False,False,False,False
598,NBL,False,False,True,False,False,False,False,False,False,False
599,NBR,False,False,True,False,False,False,False,False,False,False
600,NCLH,True,False,False,False,False,False,False,False,False,False
601,NCR,True,False,False,False,False,False,False,False,False,False
602,NDAQ,False,False,False,True,False,False,False,False,False,False
603,NDSN,False,True,False,False,False,False,False,False,False,False
604,NEE,False,False,False,False,False,False,False,False,False,True
605,NEM,False,False,False,False,False,False,True,False,False,False
606,NEU,False,False,False,False,False,True,False,False,False,False
607,NFG,False,False,False,False,False,False,False,False,False,True
608,NFLX,True,False,False,False,False,False,False,False,False,False
609,NFX,False,False,True,False,False,False,False,False,False,False
610,NI,False,False,False,False,False,False,False,False,False,True
611,NKE,True,False,False,False,False,False,False,False,False,False
612,NLSN,False,False,False,False,False,True,False,False,False,False
613,NLY,True,False,False,False,False,False,False,False,False,False
614,NNN,True,False,False,False,False,False,False,False,False,False
615,NOC,False,False,False,False,False,True,False,False,False,False
616,NOV,False,False,True,False,False,False,False,False,False,False
617,NOW,False,False,False,False,False,False,False,False,True,False
618,NRG,False,False,False,False,False,False,False,False,False,True
619,NRZ,True,False,False,False,False,False,False,False,False,False
620,NSC,False,False,False,False,False,True,False,False,False,False
621,NTAP,False,False,False,False,False,False,False,False,True,False
622,NTRS,False,False,False,True,False,False,False,False,False,False
623,NUAN,False,False,False,False,False,False,False,False,True,False
624,NUE,False,False,False,False,False,False,True,False,False,False
625,NUS,False,False,False,False,True,False,False,False,False,False
626,NVDA,False,False,False,False,False,False,False,False,True,False
627,NVR,False,True,False,False,False,False,False,False,False,False
628,NWL,True,False,False,False,False,False,False,False,False,False
629,NWS,True,False,False,False,False,False,False,False,False,False
630,NWSA,True,False,False,False,False,False,False,False,False,False
631,NXPI,False,False,False,False,False,False,False,False,True,False
632,NYCB,False,False,False,True,False,False,False,False,False,False
633,O,False,False,False,False,False,False,False,True,False,False
634,OA,False,True,False,False,False,False,False,False,False,False
635,OC,False,True,False,False,False,False,False,False,False,False
636,ODFL,False,False,False,False,False,True,False,False,False,False
637,OFC,True,False,False,False,False,False,False,False,False,False
638,OGE,False,False,False,False,False,False,False,False,False,True
639,OHI,True,False,False,False,False,False,False,False,False,False
640,OI,True,False,False,False,False,False,False,False,False,False
641,OII,False,False,True,False,False,False,False,False,False,False
642,OKE,False,False,True,False,False,False,False,False,False,False
643,OLED,False,True,False,False,False,False,False,False,False,False
644,OLN,False,False,False,False,False,True,False,False,False,False
645,OMC,False,False,False,False,False,False,False,False,True,False
646,OMF,False,False,False,True,False,False,False,False,False,False
647,ON,False,False,False,False,False,False,False,False,True,False
648,OPK,False,False,False,False,True,False,False,False,False,False
649,ORCL,False,False,False,False,False,False,False,False,True,False
650,ORI,False,False,False,True,False,False,False,False,False,False
651,ORLY,True,False,False,False,False,False,False,False,False,False
652,OSK,False,True,False,False,False,False,False,False,False,False
653,OUT,True,False,False,False,False,False,False,False,False,False
654,OXY,False,False,True,False,False,False,False,False,False,False
655,OZRK,False,False,False,True,False,False,False,False,False,False
656,P,True,False,False,False,False,False,False,False,False,False
657,PACW,False,False,False,True,False,False,False,False,False,False
658,PAG,True,False,False,False,False,False,False,False,False,False
659,PAH,False,False,False,False,False,True,False,False,False,False
660,PANW,False,False,False,False,False,False,False,False,True,False
661,PAYX,False,False,False,False,False,False,False,False,True,False
662,PB,False,False,False,True,False,False,False,False,False,False
663,PBCT,False,False,False,True,False,False,False,False,False,False
664,PBF,False,False,True,False,False,False,False,False,False,False
665,PBI,True,False,False,False,False,False,False,False,False,False
666,PCAR,False,False,False,False,False,True,False,False,False,False
667,PCG,False,False,False,False,False,False,False,False,False,True
668,PCLN,True,False,False,False,False,False,False,False,False,False
669,PDCO,False,False,False,False,True,False,False,False,False,False
670,PDM,True,False,False,False,False,False,False,False,False,False
671,PE,False,False,True,False,False,False,False,False,False,False
672,PEG,False,False,False,False,False,False,False,False,False,True
673,PEP,False,True,False,False,False,False,False,False,False,False
674,PF,False,True,False,False,False,False,False,False,False,False
675,PFE,False,False,False,False,True,False,False,False,False,False
676,PFG,False,False,False,True,False,False,False,False,False,False
677,PG,False,False,False,False,False,True,False,False,False,False
678,PGR,False,False,False,True,False,False,False,False,False,False
679,PGRE,True,False,False,False,False,False,False,False,False,False
680,PH,False,False,False,False,False,True,False,False,False,False
681,PHM,True,False,False,False,False,False,False,False,False,False
682,PII,False,True,False,False,False,False,False,False,False,False
683,PINC,True,False,False,False,False,False,False,False,False,False
684,PK,True,False,False,False,False,False,False,False,False,False
685,PKG,False,False,False,False,False,False,True,False,False,False
686,PKI,False,False,False,False,True,False,False,False,False,False
687,PLD,False,False,False,False,False,False,False,True,False,False
688,PM,False,True,False,False,False,False,False,False,False,False
689,PNC,False,False,False,True,False,False,False,False,False,False
690,PNFP,False,False,False,True,False,False,False,False,False,False
691,PNR,False,False,False,False,False,False,False,False,True,False
692,PNW,False,False,False,False,False,False,False,False,False,True
693,POOL,True,False,False,False,False,False,False,False,False,False
694,POST,False,True,False,False,False,False,False,False,False,False
695,PPC,False,True,False,False,False,False,False,False,False,False
696,PPG,False,False,False,False,False,False,True,False,False,False
697,PPL,False,False,False,False,False,False,False,False,False,True
698,PRA,False,False,False,True,False,False,False,False,False,False
699,PRGO,False,False,False,False,True,False,False,False,False,False
700,PRU,False,False,False,True,False,False,False,False,False,False
701,PSA,False,False,False,False,False,False,False,True,False,False
702,PSX,False,False,True,False,False,False,False,False,False,False
703,PTC,False,False,False,False,False,False,False,False,True,False
704,PTEN,False,False,True,False,False,False,False,False,False,False
705,PVH,True,False,False,False,False,False,False,False,False,False
706,PWR,False,False,False,False,False,True,False,False,False,False
707,PX,False,False,False,False,False,False,True,False,False,False
708,PXD,False,False,True,False,False,False,False,False,False,False
709,PYPL,False,False,False,False,False,False,False,False,True,False
710,Q,False,False,False,False,True,False,False,False,False,False
711,QCOM,False,False,False,False,False,False,False,False,True,False
712,QEP,False,False,True,False,False,False,False,False,False,False
713,QGEN,False,False,False,False,True,False,False,False,False,False
714,QRVO,False,False,False,False,False,False,False,False,True,False
715,QVCA,True,False,False,False,False,False,False,False,False,False
716,R,True,False,False,False,False,False,False,False,False,False
717,RAD,False,False,False,False,True,False,False,False,False,False
718,RBC,True,False,False,False,False,False,False,False,False,False
719,RCL,True,False,False,False,False,False,False,False,False,False
720,RE,False,False,False,True,False,False,False,False,False,False
721,REG,False,False,False,False,False,False,False,True,False,False
722,REGN,False,False,False,False,True,False,False,False,False,False
723,RES,False,False,True,False,False,False,False,False,False,False
724,RF,False,False,False,True,False,False,False,False,False,False
725,RGA,False,False,False,True,False,False,False,False,False,False
726,RGC,True,False,False,False,False,False,False,False,False,False
727,RGLD,False,False,False,False,False,True,False,False,False,False
728,RHI,False,False,False,False,False,False,False,False,True,False
729,RHT,False,False,False,False,False,False,False,False,True,False
730,RICE,False,False,True,False,False,False,False,False,False,False
731,RIG,False,False,True,False,False,False,False,False,False,False
732,RJF,False,False,False,True,False,False,False,False,False,False
733,RL,True,False,False,False,False,False,False,False,False,False
734,RLGY,False,False,False,True,False,False,False,False,False,False
735,RMD,False,False,False,False,True,False,False,False,False,False
736,RNR,False,False,False,True,False,False,False,False,False,False
737,ROK,False,False,False,False,False,True,False,False,False,False
738,ROL,False,False,False,True,False,False,False,False,False,False
739,ROP,False,False,False,False,False,True,False,False,False,False
740,ROST,True,False,False,False,False,False,False,False,False,False
741,RPAI,True,False,False,False,False,False,False,False,False,False
742,RPM,False,False,False,False,False,True,False,False,False,False
743,RRC,False,False,True,False,False,False,False,False,False,False
744,RS,False,False,False,False,False,True,False,False,False,False
745,RSG,False,False,False,False,False,False,False,False,False,True
746,RSPP,False,False,True,False,False,False,False,False,False,False
747,RTN,False,False,False,False,False,True,False,False,False,False
748,RYN,True,False,False,False,False,False,False,False,False,False
749,S,False,False,False,False,False,False,False,False,False,True
750,SABR,False,False,False,False,False,False,False,False,True,False
751,SATS,False,False,False,False,False,False,False,False,True,False
752,SAVE,False,False,False,False,False,True,False,False,False,False
753,SBAC,False,False,False,False,False,False,False,True,False,False
754,SBH,True,False,False,False,False,False,False,False,False,False
755,SBNY,False,False,False,True,False,False,False,False,False,False
756,SBUX,True,False,False,False,False,False,False,False,False,False
757,SC,False,False,False,True,False,False,False,False,False,False
758,SCCO,False,False,False,False,False,True,False,False,False,False
759,SCG,False,False,False,False,False,False,False,False,False,True
760,SCHW,False,False,False,True,False,False,False,False,False,False
761,SCI,True,False,False,False,False,False,False,False,False,False
762,SEB,False,False,False,True,False,False,False,False,False,False
763,SEE,False,False,False,False,False,False,True,False,False,False
764,SEIC,False,False,False,True,False,False,False,False,False,False
765,SERV,True,False,False,False,False,False,False,False,False,False
766,SFM,True,False,False,False,False,False,False,False,False,False
767,SGEN,False,False,False,False,True,False,False,False,False,False
768,SHW,False,False,False,False,False,False,True,False,False,False
769,SIG,True,False,False,False,False,False,False,False,False,False
770,SIRI,True,False,False,False,False,False,False,False,False,False
771,SIVB,False,False,False,True,False,False,False,False,False,False
772,SIX,True,False,False,False,False,False,False,False,False,False
773,SJM,False,True,False,False,False,False,False,False,False,False
774,SKT,True,False,False,False,False,False,False,False,False,False
775,SKX,False,True,False,False,False,False,False,False,False,False
776,SLB,False,False,True,False,False,False,False,False,False,False
777,SLG,False,False,False,False,False,False,False,True,False,False
778,SLGN,True,False,False,False,False,False,False,False,False,False
779,SLM,False,False,False,True,False,False,False,False,False,False
780,SM,False,False,True,False,False,False,False,False,False,False
781,SMG,False,False,False,False,False,True,False,False,False,False
782,SNA,False,False,False,False,False,True,False,False,False,False
783,SNH,True,False,False,False,False,False,False,False,False,False
784,SNI,True,False,False,False,False,False,False,False,False,False
785,SNPS,False,False,False,False,False,False,False,False,True,False
786,SNV,False,False,False,True,False,False,False,False,False,False
787,SO,False,False,False,False,False,False,False,False,False,True
788,SON,True,False,False,False,False,False,False,False,False,False
789,SPB,True,False,False,False,False,False,False,False,False,False
790,SPG,False,False,False,False,False,False,False,True,False,False
791,SPGI,False,False,False,True,False,False,False,False,False,False
792,SPLK,False,False,False,False,False,False,False,False,True,False
793,SPR,False,True,False,False,False,False,False,False,False,False
794,SQ,False,False,False,False,False,False,False,False,True,False
795,SRC,True,False,False,False,False,False,False,False,False,False
796,SRCL,False,False,False,False,False,True,False,False,False,False
797,SRE,False,False,False,False,False,False,False,False,False,True
798,SSNC,False,False,False,False,False,False,False,False,True,False
799,ST,False,True,False,False,False,False,False,False,False,False
800,STAY.U,True,False,False,False,False,False,False,False,False,False
801,STE,False,False,False,False,True,False,False,False,False,False
802,STI,False,False,False,True,False,False,False,False,False,False
803,STLD,False,False,False,False,False,True,False,False,False,False
804,STOR,True,False,False,False,False,False,False,False,False,False
805,STT,False,False,False,True,False,False,False,False,False,False
806,STWD,True,False,False,False,False,False,False,False,False,False
807,STZ,False,True,False,False,False,False,False,False,False,False
808,SUI,True,False,False,False,False,False,False,False,False,False
809,SWK,False,False,False,False,False,True,False,False,False,False
810,SWKS,False,False,False,False,False,False,False,False,True,False
811,SWN,False,False,True,False,False,False,False,False,False,False
812,SYF,False,False,False,True,False,False,False,False,False,False
813,SYK,False,False,False,False,True,False,False,False,False,False
814,SYMC,False,False,False,False,False,False,False,False,True,False
815,SYY,False,True,False,False,False,False,False,False,False,False
816,T,False,False,False,False,False,False,False,False,True,False
817,TAHO,False,False,False,False,False,True,False,False,False,False
818,TAP,False,True,False,False,False,False,False,False,False,False
819,TCF,False,False,False,True,False,False,False,False,False,False
820,TCO,True,False,False,False,False,False,False,False,False,False
821,TDC,False,False,False,False,False,False,False,False,True,False
822,TDG,False,False,False,False,False,True,False,False,False,False
823,TDS,False,False,False,False,False,False,False,False,False,True
824,TDY,False,True,False,False,False,False,False,False,False,False
825,TEAM,False,False,False,False,False,False,False,False,True,False
826,TECH,False,False,False,False,True,False,False,False,False,False
827,TER,False,True,False,False,False,False,False,False,False,False
828,TEX,False,True,False,False,False,False,False,False,False,False
829,TFSL,False,False,False,True,False,False,False,False,False,False
830,TFX,False,False,False,False,True,False,False,False,False,False
831,TGNA,True,False,False,False,False,False,False,False,False,False
832,TGT,True,False,False,False,False,False,False,False,False,False
833,THG,False,False,False,True,False,False,False,False,False,False
834,THO,False,True,False,False,False,False,False,False,False,False
835,THS,False,True,False,False,False,False,False,False,False,False
836,TIF,True,False,False,False,False,False,False,False,False,False
837,TJX,True,False,False,False,False,False,False,False,False,False
838,TKR,False,True,False,False,False,False,False,False,False,False
839,TMK,False,False,False,True,False,False,False,False,False,False
840,TMO,False,False,False,False,True,False,False,False,False,False
841,TMUS,False,False,False,False,False,False,False,False,False,True
842,TOL,False,True,False,False,False,False,False,False,False,False
843,TPX,True,False,False,False,False,False,False,False,False,False
844,TRCO,True,False,False,False,False,False,False,False,False,False
845,TRGP,False,False,False,False,False,False,False,False,False,True
846,TRIP,False,False,False,False,False,False,False,False,True,False
847,TRMB,False,True,False,False,False,False,False,False,False,False
848,TRN,False,True,False,False,False,False,False,False,False,False
849,TROW,False,False,False,True,False,False,False,False,False,False
850,TRU,False,False,False,True,False,False,False,False,False,False
851,TRV,False,False,False,True,False,False,False,False,False,False
852,TSCO,True,False,False,False,False,False,False,False,False,False
853,TSLA,False,True,False,False,False,False,False,False,False,False
854,TSN,False,True,False,False,False,False,False,False,False,False
855,TSRO,False,False,False,False,True,False,False,False,False,False
856,TSS,False,False,False,False,False,False,False,False,True,False
857,TTC,False,True,False,False,False,False,False,False,False,False
858,TTWO,False,False,False,False,False,False,False,False,True,False
859,TUP,False,True,False,False,False,False,False,False,False,False
860,TWO,True,False,False,False,False,False,False,False,False,False
861,TWTR,False,False,False,False,False,False,False,False,True,False
862,TWX,True,False,False,False,False,False,False,False,False,False
863,TXN,False,False,False,False,False,False,False,False,True,False
864,TXT,False,False,False,False,False,True,False,False,False,False
865,TYL,False,False,False,False,False,False,False,False,True,False
866,UA,True,False,False,False,False,False,False,False,False,False
867,UAA,True,False,False,False,False,False,False,False,False,False
868,UAL,False,False,False,False,False,True,False,False,False,False
869,UDR,False,False,False,False,False,False,False,True,False,False
870,UFS,False,False,False,False,False,True,False,False,False,False
871,UGI,False,False,False,False,False,False,False,False,False,True
872,UHAL,True,False,False,False,False,False,False,False,False,False
873,UHS,False,False,False,False,True,False,False,False,False,False
874,ULTA,True,False,False,False,False,False,False,False,False,False
875,ULTI,False,False,False,False,False,False,False,False,True,False
876,UNH,False,False,False,False,True,False,False,False,False,False
877,UNIT,True,False,False,False,False,False,False,False,False,False
878,UNM,False,False,False,True,False,False,False,False,False,False
879,UNP,False,False,False,False,False,True,False,False,False,False
880,UNVR,True,False,False,False,False,False,False,False,False,False
881,UPS,False,False,False,False,False,True,False,False,False,False
882,URBN,True,False,False,False,False,False,False,False,False,False
883,URI,False,False,False,False,False,False,False,False,True,False
884,USB,False,False,False,True,False,False,False,False,False,False
885,USFD,False,True,False,False,False,False,False,False,False,False
886,USG,False,True,False,False,False,False,False,False,False,False
887,USM,False,False,False,False,False,False,False,False,False,True
888,UTHR,False,False,False,False,True,False,False,False,False,False
889,UTX,False,False,False,False,False,True,False,False,False,False
890,V,False,False,False,False,False,False,False,False,True,False
891,VAR,False,False,False,False,True,False,False,False,False,False
892,VC,False,True,False,False,False,False,False,False,False,False
893,VEEV,False,False,False,False,False,False,False,False,True,False
894,VER,True,False,False,False,False,False,False,False,False,False
895,VFC,True,False,False,False,False,False,False,False,False,False
896,VIA,True,False,False,False,False,False,False,False,False,False
897,VIAB,True,False,False,False,False,False,False,False,False,False
898,VLO,False,False,True,False,False,False,False,False,False,False
899,VMC,False,False,False,False,False,False,True,False,False,False
900,VMI,False,True,False,False,False,False,False,False,False,False
901,VMW,False,False,False,False,False,False,False,False,True,False
902,VNO,False,False,False,False,False,False,False,True,False,False
903,VNTV,True,False,False,False,False,False,False,False,False,False
904,VOYA,False,False,False,True,False,False,False,False,False,False
905,VR,False,False,False,True,False,False,False,False,False,False
906,VRSK,False,False,False,False,False,False,False,False,True,False
907,VRSN,False,False,False,False,False,False,False,False,True,False
908,VRTX,False,False,False,False,True,False,False,False,False,False
909,VSM,False,False,False,False,False,True,False,False,False,False
910,VST,False,False,False,False,False,False,False,False,False,True
911,VTR,False,False,False,False,False,False,False,True,False,False
912,VVC,False,False,False,False,False,False,False,False,False,True
913,VVV,False,False,False,False,False,True,False,False,False,False
914,VWR,True,False,False,False,False,False,False,False,False,False
915,VZ,False,False,False,False,False,False,False,False,True,False
916,W,True,False,False,False,False,False,False,False,False,False
917,WAB,False,True,False,False,False,False,False,False,False,False
918,WAL,False,False,False,True,False,False,False,False,False,False
919,WAT,False,False,False,False,True,False,False,False,False,False
920,WBA,False,False,False,False,True,False,False,False,False,False
921,WBC,False,True,False,False,False,False,False,False,False,False
922,WBS,False,False,False,True,False,False,False,False,False,False
923,WBT,False,False,False,False,False,False,False,False,True,False
924,WCC,False,True,False,False,False,False,False,False,False,False
925,WCG,False,False,False,False,True,False,False,False,False,False
926,WDAY,False,False,False,False,False,False,False,False,True,False
927,WDC,False,False,False,False,False,False,False,False,True,False
928,WEC,False,False,False,False,False,False,False,False,False,True
929,WEN,True,False,False,False,False,False,False,False,False,False
930,WEX,True,False,False,False,False,False,False,False,False,False
931,WFC,False,False,False,True,False,False,False,False,False,False
932,WFT,False,False,True,False,False,False,False,False,False,False
933,WHR,True,False,False,False,False,False,False,False,False,False
934,WLK,False,False,False,False,False,True,False,False,False,False
935,WLL,False,False,True,False,False,False,False,False,False,False
936,WLTW,False,False,False,True,False,False,False,False,False,False
937,WM,False,False,False,False,False,False,False,False,False,True
938,WMB,False,False,True,False,False,False,False,False,False,False
939,WMT,True,False,False,False,False,False,False,False,False,False
940,WPC,True,False,False,False,False,False,False,False,False,False
941,WPX,False,False,True,False,False,False,False,False,False,False
942,WR,False,False,False,False,False,False,False,False,False,True
943,WRB,False,False,False,True,False,False,False,False,False,False
944,WRI,True,False,False,False,False,False,False,False,False,False
945,WRK,False,False,False,False,False,False,True,False,False,False
946,WSM,True,False,False,False,False,False,False,False,False,False
947,WSO,True,False,False,False,False,False,False,False,False,False
948,WST,False,False,False,False,False,True,False,False,False,False
949,WTM,False,False,False,True,False,False,False,False,False,False
950,WTR,False,False,False,False,False,False,False,False,False,True
951,WU,False,False,False,False,False,False,False,False,True,False
952,WY,False,False,False,False,False,False,False,True,False,False
953,WYN,True,False,False,False,False,False,False,False,False,False
954,WYNN,True,False,False,False,False,False,False,False,False,False
955,X,False,False,False,False,False,True,False,False,False,False
956,XEC,False,False,True,False,False,False,False,False,False,False
957,XEL,False,False,False,False,False,False,False,False,False,True
958,XL,False,False,False,True,False,False,False,False,False,False
959,XLNX,False,False,False,False,False,False,False,False,True,False
960,XOG,False,False,True,False,False,False,False,False,False,False
961,XOM,False,False,True,False,False,False,False,False,False,False
962,XON,False,False,False,False,True,False,False,False,False,False
963,XPO,True,False,False,False,False,False,False,False,False,False
964,XRAY,False,False,False,False,True,False,False,False,False,False
965,XRX,False,False,False,False,False,False,False,False,True,False
966,XYL,False,False,False,False,False,True,False,False,False,False
967,Y,False,False,False,True,False,False,False,False,False,False
968,YUM,True,False,False,False,False,False,False,False,False,False
969,YUMC,True,False,False,False,False,False,False,False,False,False
970,Z,True,False,False,False,False,False,False,False,False,False
971,ZAYO,False,False,False,False,False,False,False,False,False,True
972,ZBH,False,False,False,False,True,False,False,False,False,False
973,ZBRA,False,False,False,False,False,False,False,False,True,False
974,ZG,True,False,False,False,False,False,False,False,False,False
975,ZION,False,False,False,True,False,False,False,False,False,False
976,ZNGA,False,False,False,False,False,False,False,False,True,False
977,ZTS,False,False,False,False,True,False,False,False,False,False
